augmenter_name,model_name,mse_mean,mse_std,mae_mean,mae_std,corr_mean,corr_std,mse_r1_mean,mse_r1_std,mse_r2_mean,mse_r2_std,corr_r1_mean,corr_r2_mean,mse_train_mean,mse_train_std,mse_train_r1_mean,mse_train_r2_mean,corr_train_mean,n_trainable_params,n_random_params,effective_rank,nonlinearity_score,feature_target_alignment,coef_l2_norm,lasso_active_fraction,n_features,n_augmented,circuit_depth,qubit_count,wall_clock_mean,n_seeds
angle_strong_10q_2L,lasso,1.9934908,0.17860225853051234,1.094603,0.05625351747668757,0.9713226,0.0029259068337867708,1.7561693999999999,0.2933313361044128,2.6986280000000002,0.16857701515776102,0.8398771999999999,0.961476,1.936562,0.1518625549683002,1.7526184,2.5068232000000004,0.9717794,0,60,14.108600000000001,0.7287946,0.3001828,50.3567206,0.44745740000000006,59,55,2.0,10.0,0.035339999999999996,5
angle_strong_10q_2L,ridge,1.6916688,0.23380784406259772,1.0079454,0.07604924157281259,0.9756969999999999,0.0036227880837830114,1.5261524,0.3388094941782181,2.183362,0.1011502633807744,0.8624098,0.9688017999999999,1.6297518,0.2227372724157319,1.5132032,1.9923924,0.9763075999999999,0,60,14.108600000000001,0.7287946,0.3001828,304.9088514,,59,55,2.0,10.0,0.0412,5
angle_strong_13q_2L,lasso,1.7977008,0.18701911857133763,1.0449922,0.06780795523904254,0.9741595999999999,0.0029501933495958838,1.6903738000000001,0.3263383815975375,2.1149918,0.24215442459967562,0.8464560000000001,0.9699177999999999,1.7703001999999999,0.19465008585073895,1.6836486000000002,2.0410893999999997,0.9742314000000001,0,78,20.360059999999997,0.8038716000000001,0.215618,23.861191,0.20842100000000002,95,91,2.0,13.0,0.050660000000000004,5
angle_strong_13q_2L,ridge,1.5520914000000001,0.242158294634522,0.9699399999999999,0.08023984421719675,0.9777321999999999,0.0036796272501436705,1.42326,0.3294443721108315,1.9356474,0.08870629755434505,0.8724757999999999,0.9725068,1.502947,0.261307682437773,1.408346,1.7975648,0.9781722,0,78,20.360059999999997,0.8038716000000001,0.215618,335.43980999999997,,95,91,2.0,13.0,0.07067999999999999,5
angle_strong_3q_2L,lasso,2.1799528,0.02997819818968436,1.1412065999999998,0.018300445781455815,0.9685954000000001,0.0005456347679538842,2.0218182,0.19886692193197936,2.6479046,0.6349077886833646,0.8134672000000001,0.9632684000000001,2.1644866,0.03882368741245482,2.0165022,2.6234824,0.9683820000000001,0,18,4.50658,0.6963978,0.2666696,15.409955200000002,0.9800000000000001,10,6,2.0,3.0,0.0054600000000000004,5
angle_strong_3q_2L,ridge,2.180058,0.030168524748485786,1.140712,0.01831465978389992,0.9685940000000001,0.0005661514814959221,2.0319608,0.19763084338660292,2.618106,0.6214815529382186,0.8125399999999999,0.9634848,2.1622318,0.03910727928659827,2.0265633999999997,2.5836378,0.968415,0,18,4.50658,0.6963978,0.2666696,16.2568658,,10,6,2.0,3.0,0.0168,5
angle_strong_4q_1L,lasso,2.2304104,0.037505878329936515,1.1642772000000001,0.009837276233795642,0.9678574000000001,0.0008386866518551412,2.2143015999999998,0.06746478159232408,2.2775938,0.13262773558234364,0.7949024,0.9690086000000001,2.2291651999999997,0.028636542733018567,2.2129458,2.2818514,0.9674122,0,12,3.8836,0.654752,0.3518404,23.9940248,0.8,14,10,2.0,4.0,0.01634,5
angle_strong_4q_1L,ridge,2.2350104,0.04681217374038515,1.1576906,0.012775356895210381,0.967792,0.0009014749025902239,2.1754236,0.08099132338590363,2.4116334000000004,0.15498821393512496,0.7988702,0.9664998,2.1958936000000002,0.020838537599841226,2.1739862000000003,2.2662934,0.967907,0,12,3.8836,0.654752,0.3518404,40.731507199999996,,14,10,2.0,4.0,0.01828,5
angle_strong_4q_2L,lasso,2.520632,0.02507153609175162,1.2291844,0.020423075326698445,0.9635866,0.0006662798210962276,2.1259884,0.1973936682148137,3.6938036,0.5472237702643225,0.8056736000000001,0.9469382,2.4757767999999998,0.057270828885218644,2.1051402,3.6202242,0.9637466,0,24,5.8417200000000005,0.5250728,0.3830604,17.382663400000002,1.0,14,10,2.0,4.0,0.00826,5
angle_strong_4q_2L,ridge,2.5173806,0.026119188325826707,1.2279902,0.020082743467962693,0.9636342000000001,0.0006805954745661836,2.1396802,0.19721897412951933,3.6401168,0.545449108030896,0.8043098000000001,0.9475545999999999,2.4706856,0.056457058595892354,2.1190978,3.5566348000000003,0.9638213999999999,0,24,5.8417200000000005,0.5250728,0.3830604,18.820849,,14,10,2.0,4.0,0.01828,5
angle_strong_4q_3L,lasso,2.5469054,0.16533272275414818,1.1988044,0.015163057666579013,0.963207,0.002259636807099768,2.0560490000000002,0.11371720659821011,4.0069904,0.9323416916813816,0.812996,0.9425889999999999,2.4298302,0.09493380992407291,2.043387,3.626151,0.9644298000000001,0,36,7.20856,0.647502,0.2997598,22.629539,0.9714284,14,10,2.0,4.0,0.007000000000000001,5
angle_strong_4q_3L,ridge,2.5456068,0.17022489301861812,1.196139,0.015262710489949082,0.9632244,0.0023369277481342893,2.0428034,0.11268407807361253,4.0414140000000005,0.9409726435348693,0.8140278000000001,0.9417342,2.423698,0.09802945229623584,2.0302999999999995,3.641634,0.9645194,0,36,7.20856,0.647502,0.2997598,24.5284716,,14,10,2.0,4.0,0.01822,5
angle_strong_5q_2L,lasso,2.3862232,0.027163406297811814,1.2000958,0.006896577644020275,0.9655815999999999,0.0005321994926717195,2.2031782,0.03242230740092383,2.93094,0.14797669885323156,0.79736,0.9581616000000001,2.3586967999999997,0.05007917508505902,2.1849634,2.8964832,0.9654885999999999,0,30,10.34132,0.6808406,0.3485586,20.790366,0.9368418000000001,19,15,2.0,5.0,0.00826,5
angle_strong_5q_2L,ridge,2.3651156,0.026406436276029392,1.1937808,0.007334996298567547,0.9658932,0.0006458495954942128,2.2063742,0.0392889816195328,2.8374292,0.15211233756569492,0.7968046,0.9594322,2.3417638,0.05469797762897643,2.1888286,2.816301,0.9657386000000001,0,30,10.34132,0.6808406,0.3485586,26.516763000000005,,19,15,2.0,5.0,0.0206,5
angle_strong_6q_2L,lasso,2.2095652,0.15513735387455851,1.1548018,0.05103779584974252,0.9681443999999999,0.0026026334355801818,1.9631106000000003,0.2272995510450912,2.9425754,0.10655213149346204,0.8196754,0.9576796,2.1817158,0.1828869621424665,1.9478659999999999,2.9016554,0.9681278000000001,0,36,9.813640000000001,0.6090842000000001,0.4008134,19.29295,0.784,25,21,2.0,6.0,0.02134,5
angle_strong_6q_2L,ridge,2.1329986,0.125604448085249,1.1241264000000002,0.045722762939262564,0.9692774,0.0021017422058854152,1.8686969999999998,0.24475178608949924,2.9180979999999996,0.37986800367561907,0.8289159999999999,0.9581134,2.0720088,0.12698851620205667,1.8599964,2.7275292,0.9697495999999999,0,36,9.813640000000001,0.6090842000000001,0.4008134,77.8805946,,25,21,2.0,6.0,0.02258,5
angle_strong_7q_2L,lasso,2.108453,0.11493202763590304,1.1174316000000002,0.037950354442349975,0.9696322,0.0019251252426790424,1.8512728000000003,0.22798315150291265,2.8726118,0.24832133212472904,0.830373,0.9590088,2.0767062,0.10452613012400304,1.8283003999999998,2.8456941999999996,0.9696908000000001,0,42,12.835059999999999,0.6817074,0.2953032,40.7373204,0.70625,32,28,2.0,7.0,0.0189,5
angle_strong_7q_2L,ridge,2.0233917999999997,0.08943758887458891,1.0946134,0.03140263963108834,0.9708826,0.0015856157479035755,1.7731506,0.21414191388843062,2.7670144,0.3012256948017551,0.8383014,0.9603192,1.9862582,0.06803363476031543,1.7558548000000003,2.7015194,0.9710228000000001,0,42,12.835059999999999,0.6817074,0.2953032,86.383983,,32,28,2.0,7.0,0.02462,5
angle_strong_8q_2L,lasso,1.9251809999999998,0.12464512171160165,1.0816094,0.051698794070074786,0.9723168,0.0021248448649254232,1.8045864000000003,0.27040737996271474,2.282122,0.33504897016406415,0.8352484,0.9682957999999999,1.8836494000000001,0.14056381324081954,1.7867172,2.1844308,0.9725502,0,48,16.82658,0.6782028,0.3076104,36.3730934,0.64,40,36,2.0,8.0,0.020300000000000002,5
angle_strong_8q_2L,ridge,1.8640304,0.12996400151695875,1.0646434,0.05139718952238535,0.9732065999999999,0.0021626202394317284,1.7697892,0.2585235930649271,2.1425202,0.27383451760086797,0.8385802,0.9695746,1.8010464,0.1373906946823547,1.7482659999999999,1.9663837999999998,0.9737653999999999,0,48,16.82658,0.6782028,0.3076104,56.2548224,,40,36,2.0,8.0,0.02914,5
angle_strong_9q_2L,lasso,1.9808466,0.11366393022546781,1.1015685999999998,0.04155983542797054,0.9715062,0.001980840402455508,1.8483276,0.25912380584732075,2.3735168,0.3272801865133299,0.8306530000000001,0.966236,1.9387956,0.10641651811067679,1.8373422000000001,2.2554222,0.971725,0,54,14.1257,0.7343568,0.31135900000000005,30.297530799999997,0.465306,49,45,2.0,9.0,0.022420000000000002,5
angle_strong_9q_2L,ridge,1.8918688,0.1370345942388272,1.0719594000000001,0.04856503662409816,0.9727998,0.0022668605382775387,1.7473318,0.2725081788372599,2.3203876,0.3012092821898092,0.8407437999999999,0.9668616,1.8336334,0.13282200856898677,1.7296164,2.158659,0.9732799999999999,0,54,14.1257,0.7343568,0.31135900000000005,62.739073600000005,,49,45,2.0,9.0,0.03394,5
identity,lasso,4.690855,0.06986927103169172,1.6344324000000001,0.012648675238933132,0.9312166,0.0005556026457820991,3.1723238,0.08889000535887043,9.2137806,0.44830175419554175,0.7784674,0.9354254,4.6849508,0.07799110457417534,3.1499918,9.4050448,0.9303172,0,0,0.0,,,4.6007444,0.7,4,0,,,0.00358,5
identity,ridge,4.6819004,0.06461531131086479,1.6412356,0.010500879310800596,0.9312248000000001,0.0005794071970557404,3.2251890000000003,0.05600731918687051,9.021438,0.2957901417948207,0.7772676000000001,0.9353246000000001,4.6763128,0.07500833002873747,3.202547,9.2111478,0.930347,0,0,0.0,,,4.636676400000001,,4,0,,,0.01596,5
interaction_log,lasso,2.6719366,0.5315524395822111,1.1681876,0.051227317832383164,0.9615346,0.007544689410439639,2.1688066,0.17278047624312182,4.1629948,2.578126828260045,0.7984024,0.9449882000000001,2.1696634,0.17553694021287933,2.1572732,2.2050482,0.9683168,0,0,8.153279999999999,0.6336307999999999,0.3256456,7.4682676,0.8333332,18,14,,,0.017660000000000002,5
interaction_log,ridge,2.6222044,0.6577088107166424,1.136799,0.02967592245407046,0.9622932000000001,0.009382410788278254,2.1143852,0.12432080420307783,4.1279878,2.925869806673086,0.8038876,0.9430386000000001,2.0578892,0.08530738607647045,2.107039,1.9078182,0.9699638,0,0,8.153279999999999,0.6336307999999999,0.3256456,11.1492606,,18,14,,,0.019700000000000002,5
iqp_10q_r3,lasso,4.2170958,0.07895682907576758,1.5386558,0.017130032419700802,0.9382562,0.0015699032454262434,2.7108138,0.11798671425080028,8.7041728,0.24954043885651092,0.7850446,0.9213049999999999,4.1811172,0.12704891744796562,2.6818386,8.7954498,0.9379788,0,0,10.50038,0.971157,0.1114892,12.276963,0.6271184,59,55,1.0,10.0,0.01196,5
iqp_10q_r3,ridge,4.21616,0.07905731760880792,1.5372932000000001,0.017162311942159777,0.9382686,0.0015868554754608405,2.7017564,0.11707175169014945,8.7275282,0.23560100099469009,0.7851244000000001,0.9191841999999999,4.176429799999999,0.12523372119441292,2.6729966000000003,8.80361,0.9380506000000001,0,0,10.50038,0.971157,0.1114892,8.6968654,,59,55,1.0,10.0,0.0415,5
iqp_13q_r3,lasso,4.1870154,0.04131577914429284,1.5370282,0.015072400512194375,0.9387207999999999,0.001060680300561887,2.7059168,0.10656846264350432,8.5987622,0.2604916919331591,0.7843804000000001,0.9245720000000001,4.1562258,0.1121431980023755,2.6764484,8.7106666,0.9383587999999999,0,0,9.891,0.9766320000000001,0.10510939999999999,12.2119518,0.5431576,95,91,1.0,13.0,0.0193,5
iqp_13q_r3,ridge,4.1861008,0.04243252246449673,1.5364872,0.015704128460376172,0.9387346000000001,0.0010796533239887589,2.6992018,0.10698468567837162,8.6151464,0.25691366416619377,0.7841115999999999,0.9222149999999999,4.1503712,0.11032719081078775,2.6701238,8.7062098,0.938448,0,0,9.891,0.9766320000000001,0.10510939999999999,8.505153199999999,,95,91,1.0,13.0,0.07042,5
iqp_3q_r3,lasso,4.339663,0.09316003665467287,1.5608426,0.014946607568274487,0.9364364000000001,0.0005687664722889626,3.1730708,0.08006825541498955,7.815083400000001,0.2605905167140586,0.7659822000000001,0.9370383999999999,4.292576,0.06627431318768982,3.1216602,7.8945926,0.9362538,0,0,3.60576,0.8283012,0.25156999999999996,7.3580838,0.96,10,6,1.0,3.0,0.00444,5
iqp_3q_r3,ridge,4.3389924,0.09674303137073997,1.5606024,0.015110695295055114,0.9364480000000001,0.0006275340628204775,3.1736618,0.07424539220854029,7.8106178,0.24631057740726447,0.7656538,0.9369196000000001,4.291728000000001,0.06663720762081803,3.121676,7.8921096,0.9362666000000001,0,0,3.60576,0.8283012,0.25156999999999996,7.5776084,,10,6,1.0,3.0,0.01734,5
iqp_4q_r3,lasso,4.5220902,0.06027610539591957,1.6015758000000002,0.006980436175483565,0.9336528,0.000393562828529292,3.1180266,0.040753299060321296,8.7050058,0.23882290862101185,0.779605,0.9289783999999999,4.4863882,0.06520100453750709,3.0788764,8.8202228,0.9332746000000001,0,0,6.76134,0.9337655999999999,0.14001780000000003,6.269468999999999,0.9285712,14,10,1.0,4.0,0.00492,5
iqp_4q_r3,ridge,4.5237046,0.0590735869005767,1.6012385999999998,0.0069419318852895215,0.9336292,0.00039174889916884466,3.1152682,0.037420039473522834,8.7196362,0.2305894772137274,0.7794490000000001,0.9284060000000001,4.4856566,0.0651760571091871,3.0762316,8.8250712,0.9332862000000001,0,0,6.76134,0.9337655999999999,0.14001780000000003,6.3633992,,14,10,1.0,4.0,0.0183,5
iqp_5q_r3,lasso,4.5889494,0.06474927464304141,1.6122782,0.011113033685722362,0.9326294,0.0007927586644118467,3.0450436,0.06189932383556383,9.1883916,0.3039157705850429,0.7818132,0.9273516,4.571842800000001,0.0845216991204032,3.0172891999999996,9.3561204,0.9319602,0,0,7.6482399999999995,0.9452988,0.12775799999999998,5.014807599999999,0.7052632,19,15,1.0,5.0,0.00574,5
iqp_5q_r3,ridge,4.5889082000000005,0.06421072273148766,1.6113072,0.009918573748276536,0.9326332,0.0008200077438658314,3.0366748,0.04937167713071939,9.2135382,0.2889754590405558,0.7816104,0.9266292,4.5675968,0.08040378369641556,3.0079664,9.367602399999999,0.9320252,0,0,7.6482399999999995,0.9452988,0.12775799999999998,5.037206,,19,15,1.0,5.0,0.020679999999999997,5
iqp_6q_r3,lasso,4.4327446,0.08626309809704248,1.5813328,0.015918128036926906,0.9349956,0.0014611729192672805,2.9353626,0.09920458522316392,8.8933424,0.3136545442342582,0.7846211999999999,0.9255028,4.416824,0.11681771070133153,2.9102286,9.0533102,0.9343518,0,0,8.31452,0.9543455999999999,0.1164738,10.5110376,0.624,25,21,1.0,6.0,0.006500000000000001,5
iqp_6q_r3,ridge,4.4324992000000005,0.08625156447682567,1.580151,0.015704358407779687,0.9349997999999999,0.0014653566801294425,2.928378,0.09893478698870267,8.91328,0.3010329151562996,0.7850306,0.9242692,4.4142864,0.11609842674989183,2.9033716,9.064535000000001,0.9343908000000001,0,0,8.31452,0.9543455999999999,0.1164738,10.4402124,,25,21,1.0,6.0,0.02264,5
iqp_7q_r3,lasso,4.3988254,0.10227371228619789,1.5743418,0.01927571091295991,0.9355182,0.0016372784430267362,2.8460628,0.12664596655124866,9.0240876,0.3618476850959534,0.7866134,0.9247531999999999,4.3743894,0.12117958146197737,2.8253874,9.143208,0.9350072,0,0,9.06274,0.9612528000000001,0.1241264,11.484658,0.69375,32,28,1.0,7.0,0.0079,5
iqp_7q_r3,ridge,4.3937804,0.10107925111910963,1.5719607999999998,0.019012659432599107,0.935594,0.0016140656740046275,2.8362512000000004,0.12360916453159955,9.033417,0.34250275244368494,0.7872936,0.9236922,4.369495,0.11863898128566354,2.8159123999999998,9.152793800000001,0.9350820000000001,0,0,9.06274,0.9612528000000001,0.1241264,11.570838,,32,28,1.0,7.0,0.02452,5
iqp_8q_r3,lasso,4.3647366,0.08530306951862844,1.5668452,0.017234655615938423,0.9360326000000001,0.0015149675904124452,2.8300068,0.10218737258683175,8.9367244,0.312574679141321,0.7851804,0.9246782,4.348622799999999,0.12139329951319454,2.8040142,9.1020884,0.9354086,0,0,10.08062,0.966321,0.1141054,11.1049088,0.76,40,36,1.0,8.0,0.0089,5
iqp_8q_r3,ridge,4.3619518,0.08622404130925439,1.5648494,0.017270272574571508,0.9360752,0.0015500853847449398,2.8194299999999997,0.10080388463496812,8.957488999999999,0.28931288509501263,0.7854566000000001,0.9226974,4.3442352,0.12007657910558603,2.7939005999999997,9.1156232,0.9354758000000001,0,0,10.08062,0.966321,0.1141054,10.9306204,,40,36,1.0,8.0,0.02908,5
iqp_9q_r3,lasso,4.2470254,0.06432664673990106,1.5452164,0.01341290883067512,0.9378067999999999,0.0012529757379933035,2.735442,0.10195354933497901,8.749773999999999,0.28355639240546143,0.7838484,0.9217002000000001,4.2064842,0.11597580398169277,2.7030694,8.8336422,0.9375883999999999,0,0,10.212,0.9744634,0.10959159999999998,11.5448418,0.6734692,49,45,1.0,9.0,0.01008,5
iqp_9q_r3,ridge,4.246802799999999,0.06318938325937366,1.5443336,0.013773150648998313,0.9378078000000001,0.0012843436845330596,2.7264094,0.10306728572539398,8.7759056,0.26489143265081294,0.7839356,0.9191276,4.199751600000001,0.11215514934366619,2.694848,8.8317154,0.9376908,0,0,10.212,0.9744634,0.10959159999999998,13.0297158,,49,45,1.0,9.0,0.03418,5
oracle,lasso,2.4102764,0.02417557483908102,1.2290798,0.01155921140043736,0.9652101999999999,0.0007687572438683196,2.3580486,0.04346363180637361,2.5652654000000004,0.14004268192876043,0.7787298,0.9714632,2.3898924,0.04812912420042566,2.3344932,2.5588018,0.9650259999999999,0,0,1.3489999999999998,0.7312176,0.519235,4.6802068,0.9666665999999999,6,2,,,0.0038199999999999996,5
oracle,ridge,2.4093586,0.02028402025733556,1.2282864,0.011193290258007242,0.9652201999999999,0.0007060514853748315,2.3576053999999997,0.046007604619236586,2.5629014,0.13295928833406112,0.7787794,0.9713752,2.3854992,0.04053932312212424,2.3343596,2.5416116000000004,0.9650898,0,0,1.3489999999999998,0.7312176,0.519235,4.8255202,,6,2,,,0.01544,5
poly_deg2,lasso,2.7148738,0.9277899159460615,1.193913,0.016944755280026872,0.9612510000000001,0.012442021278715099,2.2022199999999996,0.14120243872716925,4.2330820000000005,4.066053330006322,0.7945116,0.9457723999999998,2.2614975999999998,0.055633715194116,2.1959344,2.4646138,0.9669945999999999,0,0,2.2393799999999997,0.5281134,0.32917260000000004,3.8213182000000003,0.6999998,14,10,,,0.00872,5
poly_deg2,ridge,2.8816402,1.0255064193998007,1.177711,0.01589758255207377,0.9589166,0.013706917589305031,2.1076216,0.14036836946513254,5.1761816000000005,4.419592594670894,0.8047874,0.9310807999999999,2.2096282,0.04740429316211776,2.1004264,2.5495588000000002,0.9677111999999999,0,0,2.2393799999999997,0.5281134,0.32917260000000004,4.1414092,,14,10,,,0.0185,5
poly_deg2_interact,lasso,2.9217326,0.5597207191468797,1.2444882,0.017717726270602616,0.9578792,0.008183557184989917,2.2975588,0.12526884007286085,4.7740990000000005,2.54369405562432,0.7845594,0.9351383999999999,2.4667792,0.06978952830260421,2.2784742000000002,3.0476978,0.9639532,0,0,4.664499999999999,0.4541764,0.2779142,4.1222528,0.76,10,6,,,0.0054600000000000004,5
poly_deg2_interact,ridge,3.1036136,0.8808505922395694,1.2356757999999999,0.019541821939112955,0.9553229999999999,0.012569844310889469,2.2681398,0.13780534605268424,5.5827598,3.8286507324209142,0.7882326,0.9234007999999999,2.4312916,0.04364508133570153,2.2452006,3.0078032,0.9644152,0,0,4.664499999999999,0.4541764,0.2779142,4.3278624,,10,6,,,0.01684,5
poly_deg3,lasso,97.1013336,211.98298203996566,1.1537794,0.04099190391772502,0.8290124000000001,0.3081352992425567,1.8839815999999998,0.35954999834139895,378.9966782,840.5846026931835,0.8268232,0.7984626,1.9036248,0.24908013873390233,1.8664826,2.0190962,0.9722974000000001,0,0,1.27626,0.48693379999999997,0.3145886,3.6474862000000003,0.4882352,34,30,,,0.29296,5
poly_deg3,ridge,106.44329439999998,209.4572665672091,1.0862398,0.09477165876832588,0.7455356,0.28447875564846664,1.4798566,0.2976597365891127,417.44874439999995,829.7918141325347,0.8673321999999999,0.6129626,1.6068052000000002,0.18866644534124227,1.4681896,2.0387416,0.9766387999999999,0,0,1.27626,0.48693379999999997,0.3145886,8.1823124,,34,30,,,0.0268,5
prob_3q_2L,lasso,1.9855725999999998,0.06957408543631734,1.0949478000000001,0.03499988044551003,0.9714394000000001,0.0013164438081437605,1.8302070000000001,0.2529253434009728,2.4455748,0.48748013495290254,0.8326128,0.9650698,1.9675112,0.07989576357166885,1.8243749999999999,2.4122656,0.971307,0,18,4.717239999999999,0.6678272,0.3777754,32.8803774,0.833333,12,8,2.0,3.0,0.0077399999999999995,5
prob_3q_2L,ridge,1.977066,0.07109053581877123,1.0906064,0.0354463449004266,0.971561,0.0013315186818066308,1.8315964,0.2576851366470329,2.4076156,0.49295915891765313,0.8325290000000001,0.9655438000000001,1.9564486000000003,0.07540234591045572,1.825113,2.3653094,0.9714676000000001,0,18,4.717239999999999,0.6678272,0.3777754,35.6543744,,12,8,2.0,3.0,0.0171,5
prob_4q_2L,lasso,2.4303344,0.06919437215048624,1.2104136,0.02250112590071883,0.964906,0.001344981970139376,2.113821,0.12948686417355232,3.3722264,0.24516586949920263,0.8055150000000001,0.9519806000000001,2.4227774,0.07556941095310989,2.0941296,3.436191,0.964535,0,24,7.409319999999999,0.58809,0.3770308,46.324128200000004,0.6599999999999999,20,16,2.0,4.0,0.010199999999999999,5
prob_4q_2L,ridge,2.3419866,0.07216404094353376,1.1774862000000001,0.02724350403674238,0.9662027999999999,0.0012747694693551713,2.0086611999999997,0.1900591009783536,3.3326724,0.46836051962489306,0.8153828000000001,0.951945,2.315054,0.08097407166803464,1.9892872000000001,3.3216115999999998,0.9661372,0,24,7.409319999999999,0.58809,0.3770308,75.80721100000001,,20,16,2.0,4.0,0.01998,5
prob_5q_2L,lasso,2.102409,0.04352311195215709,1.1378322,0.015756450003094002,0.9697417999999999,0.0010028313417519245,2.0746378,0.06563901649704998,2.1848555999999997,0.03848669747198377,0.8079794,0.969027,2.0830222,0.03251696924222804,2.055295,2.1689034,0.9695908,0,30,13.96644,0.6717434,0.26532100000000003,50.072575799999996,0.48333339999999997,36,32,2.0,5.0,0.01334,5
prob_5q_2L,ridge,1.9435414000000002,0.0940286261800098,1.0825424,0.040410092035282515,0.972048,0.0016456943823201413,1.849681,0.19783546837839772,2.2213396,0.23773966866049104,0.8304714000000001,0.9681919999999999,1.8757984,0.09418658006743842,1.8287780000000002,2.0238442,0.9726513999999999,0,30,13.96644,0.6717434,0.26532100000000003,169.481475,,36,32,2.0,5.0,0.02726,5
prob_6q_2L,lasso,2.2281489999999997,0.17574106021075442,1.1583522,0.054486285583621945,0.9678712,0.0028813898903133147,2.0076834000000003,0.22541613647274678,2.8839966,0.11293048218395235,0.8157656,0.9590446,2.2279764,0.18576195674787657,1.9892406,2.9630064000000003,0.9674482000000001,0,36,14.09076,0.7652202,0.295401,56.7160968,0.2264706,68,64,2.0,6.0,0.02036,5
prob_6q_2L,ridge,1.5639842,0.18861172102549728,0.9691042,0.06261449855824124,0.9775769999999999,0.002846125875642151,1.3724522000000001,0.2508965771492309,2.1354973999999998,0.18500504789275352,0.8774502,0.969552,1.516643,0.20447846190736074,1.3657774,1.9841618,0.9779696,0,36,14.09076,0.7652202,0.295401,675.8754006,,68,64,2.0,6.0,0.04592,5
qaoa_10q_p2,lasso,3.8387502,0.1411927848889597,1.4260135999999999,0.033688563939414294,0.9439643999999999,0.0022657305223701954,2.107333,0.17247827394776416,8.9977324,0.1678884911937087,0.853032,0.9228248000000001,3.8039516,0.18264255750454209,2.098859,9.0528158,0.9437538,0,4,11.264700000000001,0.9518438,0.07720679999999999,18.5128826,0.6474576,59,55,86.0,10.0,0.011699999999999999,5
qaoa_10q_p2,ridge,3.8368811999999997,0.13589404160116805,1.4242652,0.031110261806998718,0.9439944,0.0021765232137516757,2.0973914000000002,0.15840619098002448,9.020149,0.1677926152069867,0.854288,0.9211857999999999,3.8007536,0.17850244332585488,2.088712,9.0705528,0.9438015999999999,0,4,11.264700000000001,0.9518438,0.07720679999999999,11.446956799999999,,59,55,86.0,10.0,0.04156,5
qaoa_13q_p2,lasso,3.850834,0.15630252865996755,1.4412108,0.03666840508803186,0.9437838,0.0023874370567618813,2.195689,0.19488444634321128,8.782184599999999,0.22641838560903135,0.8503892000000001,0.924774,3.8238568,0.1939237956780963,2.1892642,8.8555624,0.9434532000000001,0,4,10.80408,0.9629532,0.0615986,17.9110466,0.471579,95,91,113.0,13.0,0.0194,5
qaoa_13q_p2,ridge,3.8490004,0.15272411451961357,1.4399924,0.03454822315691494,0.9438128000000001,0.0023216653936344767,2.1870124,0.17972765696130355,8.800899,0.22371282875597512,0.8515724,0.9231512000000001,3.8208632000000002,0.19020658078836286,2.1807046,8.8690676,0.9434976,0,4,10.80408,0.9629532,0.0615986,11.107552799999999,,95,91,113.0,13.0,0.07092000000000001,5
qaoa_3q_p2,lasso,3.3986428,0.16130695997445366,1.281071,0.0366055028923248,0.9505616,0.002591832807107783,1.9947494,0.22074969232209585,7.581848599999999,0.23817039495768552,0.8445273999999999,0.9006831999999999,3.4455420000000005,0.14526420542411692,2.0052124,7.885994800000001,0.9491872000000001,0,4,4.17028,0.859854,0.0962438,13.6919994,1.0,10,6,23.0,3.0,0.00498,5
qaoa_3q_p2,ridge,3.3989804,0.16539498019982357,1.2781296000000002,0.0325873723135205,0.950554,0.0026498442407054817,1.9789914,0.19469393992828846,7.6298632,0.24428131656186877,0.8458702,0.8995048000000001,3.4429274,0.1411377172863442,1.989187,7.923173199999999,0.9492262,0,4,4.17028,0.859854,0.0962438,14.938369,,10,6,23.0,3.0,0.01672,5
qaoa_4q_p2,lasso,3.7487942000000003,0.17003292843358303,1.3929605999999999,0.03892606358598314,0.9453236,0.002759814903213558,2.1892292,0.2443087620772126,8.395622399999999,0.23974228317257665,0.8411594000000001,0.9046875999999999,3.7390320000000004,0.19783486154366223,2.1853366000000003,8.5265752,0.9447378000000001,0,4,7.72968,0.8726056,0.065249,13.373769,0.9857142,14,10,32.0,4.0,0.00538,5
qaoa_4q_p2,ridge,3.7486746,0.16890096807093802,1.392455,0.03916765985478328,0.945327,0.0027357605889404735,2.187214,0.25053069171361014,8.4015148,0.2595244953442728,0.8415623999999999,0.9042214,3.7395344,0.19951207428699655,2.1837324000000002,8.5341184,0.9447298,0,4,7.72968,0.8726056,0.065249,13.2867988,,14,10,32.0,4.0,0.018260000000000002,5
qaoa_5q_p2,lasso,3.9983952,0.17557131775065074,1.470784,0.04205267718588195,0.9415592,0.0029642289385269135,2.3686264,0.2158532603235356,8.8549992,0.23410948205850213,0.8369218,0.9220181999999999,3.9664552,0.20476389262196606,2.3560304,8.925188799999999,0.9412708000000001,0,4,8.78992,0.9090802,0.086225,13.4805396,0.9578946,19,15,41.0,5.0,0.00594,5
qaoa_5q_p2,ridge,3.9965032000000003,0.17100596301796023,1.4676444,0.03738982537134924,0.9415884,0.0028921083658811934,2.3492686,0.1854623163011829,8.9053714,0.2643130540680876,0.8387928,0.9197545999999999,3.9632706,0.2004305093437622,2.3364878,8.9710116,0.9413188,0,4,8.78992,0.9090802,0.086225,14.023687599999999,,19,15,41.0,5.0,0.0206,5
qaoa_6q_p2,lasso,3.7957688000000003,0.18810948839226588,1.4286378,0.045943335155384665,0.9446106000000001,0.003036987454699159,2.1961334,0.2403642371429244,8.5614874,0.24069016349510405,0.8445176,0.9231121999999999,3.7459721999999998,0.21479709514260237,2.188209,8.5428328,0.944637,0,4,9.72368,0.9225825999999999,0.090107,16.0716852,0.8720000000000001,25,21,50.0,6.0,0.006659999999999999,5
qaoa_6q_p2,ridge,3.7962444000000004,0.18751680919133626,1.4276768,0.044722693548130465,0.9446028,0.003020653439241195,2.1913568000000003,0.23477970291147385,8.5777006,0.24252792314968527,0.8451426,0.9221652,3.7443060000000004,0.21297451541322962,2.1833516,8.5508824,0.9446618000000001,0,4,9.72368,0.9225825999999999,0.090107,12.7071002,,25,21,50.0,6.0,0.0226,5
qaoa_7q_p2,lasso,3.808153,0.20171327728734179,1.4337225999999998,0.053484079718174045,0.9444274,0.003214194346955332,2.2736462,0.2662507371345665,8.380137999999999,0.2551928424985699,0.8432168000000001,0.9254225999999999,3.7766618000000003,0.24382009915242858,2.262286,8.440237400000001,0.9441732,0,4,10.4018,0.9441409999999999,0.0654914,15.9644082,0.79375,32,28,59.0,7.0,0.007339999999999999,5
qaoa_7q_p2,ridge,3.8027680000000004,0.19175297607599195,1.430145,0.047683172508758316,0.94451,0.0030509904129642283,2.2515564,0.22805487765623436,8.4246684,0.2638124116826199,0.8454615999999999,0.9228862,3.7723535999999998,0.23718970574373555,2.2399674000000003,8.489708,0.9442373999999999,0,4,10.4018,0.9441409999999999,0.0654914,13.4086174,,32,28,59.0,7.0,0.024480000000000002,5
qaoa_8q_p2,lasso,3.7608999999999995,0.2011551265677809,1.4272696,0.05614800872070156,0.9451332000000001,0.003230761860614281,2.3024842,0.29099577563892565,8.1064168,0.21484793868734117,0.841213,0.9256034,3.7318938000000004,0.24438786922574515,2.2912808,8.1696422,0.9448554,0,4,11.07074,0.9509138,0.0541798,15.611669000000001,0.75,40,36,68.0,8.0,0.00854,5
qaoa_8q_p2,ridge,3.759814,0.1975855516542139,1.426123,0.05448745997933843,0.9451510000000001,0.003167863081005808,2.2954660000000002,0.2819605913997558,8.1233126,0.22116808592855391,0.8422388,0.9242374,3.7298288,0.2420440414030058,2.2845573999999997,8.1817582,0.9448862,0,4,11.07074,0.9509138,0.0541798,12.4243494,,40,36,68.0,8.0,0.0294,5
qaoa_9q_p2,lasso,3.847311,0.1457929824528605,1.4276616,0.03461868577517067,0.9438368,0.0022819489915420882,2.1120516,0.18369578590103802,9.017322799999999,0.2095853285769306,0.8527634000000001,0.9235277999999999,3.8167017999999997,0.19073585899274412,2.1042178,9.088566,0.9435612000000001,0,4,10.886140000000001,0.9522346,0.0708352,18.005881600000002,0.6938776,49,45,77.0,9.0,0.00974,5
qaoa_9q_p2,ridge,3.8426816,0.13587524904963397,1.4237316,0.02793137271599804,0.9439074,0.002115169567670616,2.0890239999999998,0.1437359560478867,9.0676004,0.21853878291575562,0.8551624,0.9206888,3.8117018000000003,0.18324669605125213,2.0808162,9.138425000000002,0.9436356,0,4,10.886140000000001,0.9522346,0.0708352,14.602988999999999,,49,45,77.0,9.0,0.03452,5
reservoir_12x3,lasso,1.556988,0.2975703581230832,0.974236,0.09501622891117072,0.9776486,0.004492299945462217,1.4572068,0.3703129326268527,1.8533450000000002,0.09204443516041592,0.869032,0.9735799999999999,1.5246406000000001,0.310233653863181,1.4496984,1.7588540000000001,0.9778586,0,432,16.49156,0.5907202,0.4054914,20.5792804,0.6307692,52,48,11.0,4.0,0.13152,5
reservoir_12x3,ridge,1.3977694,0.1487475298981464,0.911213,0.02899811508529476,0.9799747999999999,0.002273706819271105,1.190199,0.08151512562402144,2.0162134,0.3556055108899467,0.8947656,0.9712336,1.3262708,0.11343413459889404,1.1850074,1.7608177999999999,0.9807532,0,432,16.49156,0.5907202,0.4054914,112.7612912,,52,48,11.0,4.0,0.03508,5
reservoir_12x3_X,lasso,1.661426,0.28605980895784705,1.0036114,0.09339127155575087,0.9761288,0.004366349184387389,1.5580242,0.3801901977690903,1.9678068,0.05180650106116031,0.8591736000000001,0.9719306,1.6101188,0.2954520161831697,1.5438448,1.8172114000000001,0.9766002,0,432,19.028879999999997,0.6596928,0.2577412,19.5502656,0.6384614,52,48,11.0,4.0,0.05612,5
reservoir_12x3_X,ridge,1.5194406,0.2226150199173452,0.949287,0.07299017758232955,0.9782350000000001,0.0033522827297231806,1.3304694,0.27865671948618065,2.0838462,0.20392289101569747,0.8813352,0.970463,1.4280149999999998,0.23876286588056356,1.3247752,1.7495205999999999,0.9792652000000001,0,432,19.028879999999997,0.6596928,0.2577412,78.84399140000001,,52,48,11.0,4.0,0.03508,5
reservoir_12x3_Y,lasso,1.536415,0.2783316275982663,0.9668428,0.09132398224015421,0.9779490000000001,0.0041839872729252095,1.4182986,0.3546377837375764,1.8875256,0.06662833337477388,0.8728776,0.9731,1.5044081999999999,0.29110726571351675,1.4116106,1.7936846,0.9781576,0,432,18.70508,0.62386,0.3474674,19.2781298,0.6846152,52,48,11.0,4.0,0.09526,5
reservoir_12x3_Y,ridge,1.4364428,0.18639592996549031,0.9316268000000001,0.060163019519468945,0.979414,0.0027984063321826818,1.2726438,0.2153983533855354,1.9249029999999998,0.11833245744934057,0.886973,0.9725252,1.3995583999999999,0.20553662184948937,1.2677710000000002,1.8072176,0.9796856,0,432,18.70508,0.62386,0.3474674,47.5039334,,52,48,11.0,4.0,0.0351,5
reservoir_1x3,lasso,3.8737646,0.0728184488972403,1.4750922,0.017769198003849178,0.9434632000000001,0.0006840122074934006,3.108123,0.07586627968999123,6.1537146,0.28744816216719815,0.7625716,0.9397376,3.8931446000000003,0.059408895174039585,3.0958054,6.350499,0.9423655999999999,0,36,3.02698,0.602705,0.3649198,7.4263694000000005,1.0,8,4,11.0,4.0,0.004280000000000001,5
reservoir_1x3,ridge,3.8721541999999998,0.07394446713040802,1.4751534,0.017815157697870666,0.9434882,0.0006901613579446376,3.1156552,0.07397650273025878,6.1249218,0.28486598766121635,0.7621054,0.939649,3.8921058000000004,0.05930966337537249,3.1035822000000004,6.3219632,0.9423814,0,36,3.02698,0.602705,0.3649198,7.6173506,,8,4,11.0,4.0,0.01568,5
reservoir_1x3_X,lasso,3.3578588,0.03729468858564177,1.377959,0.014925177184877885,0.9511803999999999,0.0009068187801319634,2.3975093999999997,0.052720233509535905,6.2196654,0.21111944934870389,0.7804515999999999,0.9217764,3.3480838,0.05204663406215631,2.3757878,6.3426262,0.9506410000000001,0,36,3.6392200000000003,0.5591306,0.2332332,11.849375,0.975,8,4,11.0,4.0,0.00412,5
reservoir_1x3_X,ridge,3.3582396,0.038508932526103476,1.3784478,0.015216125942565061,0.9511754,0.0009353966003786531,2.3982418,0.05555465328125069,6.2189942,0.2127820057246383,0.7801199999999999,0.9214551999999999,3.347644,0.051981660833413046,2.3766754,6.3380978,0.9506477999999999,0,36,3.6392200000000003,0.5591306,0.2332332,12.01604,,8,4,11.0,4.0,0.015639999999999998,5
reservoir_1x3_XYZ,lasso,2.3958654,0.09962492393623172,1.1934978,0.03230797716818562,0.9654152,0.0018084525705696639,2.1413211999999997,0.18811157513614093,3.1531942,0.21167053166820363,0.8056042,0.956546,2.3867408,0.09397693562092764,2.1462418,3.1305914,0.9650788,0,36,8.31148,0.5999356,0.3025364,23.4222958,0.9375,16,12,11.0,4.0,0.00746,5
reservoir_1x3_XYZ,ridge,2.396438,0.10235693676297641,1.1931002,0.032627106417823785,0.965409,0.001845415942274216,2.1516653999999997,0.1934081603741167,3.1246716,0.21602499465640546,0.804803,0.956421,2.383547,0.0932137381532359,2.1574616,3.0833762,0.9651246,0,36,8.31148,0.5999356,0.3025364,24.557879800000002,,16,12,11.0,4.0,0.01812,5
reservoir_1x3_XYZ+ZZ,lasso,2.0416961999999996,0.11745173814252392,1.1054634,0.04550141882183461,0.9706082,0.002019616721063709,1.8229524000000001,0.23144848067939439,2.6917224,0.2275197174868586,0.8332653999999999,0.9615465999999999,2.0217053999999997,0.13927882982456447,1.8220994000000001,2.638959,0.9705088,0,36,10.7754,0.5678348,0.3791874,26.224911,0.9454544,22,18,11.0,4.0,0.01594,5
reservoir_1x3_XYZ+ZZ,ridge,2.0323262,0.10491779332982565,1.101514,0.042955572537215735,0.9707492,0.001863040445078952,1.807382,0.22858349669431519,2.7008845999999997,0.27393018484697895,0.8347960000000001,0.9612832000000001,2.0070574,0.1314298459608776,1.806831,2.62687,0.9707222,0,36,10.7754,0.5678348,0.3791874,29.886247000000004,,22,18,11.0,4.0,0.02102,5
reservoir_1x3_Y,lasso,4.0443152,0.047944673778220544,1.4875778,0.015434108775695439,0.9408756,0.0011249983555543044,2.4371642000000002,0.09340547258164257,8.8322342,0.21812213809858919,0.799206,0.9015814000000001,4.0281322,0.10571167228929847,2.4219224,8.971542600000001,0.9403079999999999,0,36,3.3941000000000003,0.6379706,0.3094568,7.3648914,1.0,8,4,11.0,4.0,0.00426,5
reservoir_1x3_Y,ridge,4.044563200000001,0.047881965923508366,1.4875216,0.01554539334658344,0.9408716,0.0011264048117794597,2.4370818,0.09425911754148773,8.833475,0.21698818598601174,0.7991732,0.900826,4.0278462,0.10567649366439047,2.4220096,8.970169,0.9403119999999999,0,36,3.3941000000000003,0.6379706,0.3094568,7.4176934,,8,4,11.0,4.0,0.0156,5
reservoir_1x3_Z+ZZ,lasso,3.1606161999999998,0.05358071554393432,1.3431472,0.01739558356882572,0.9541264,0.000799029598951161,2.6425913999999997,0.13105735845155722,4.7021956000000005,0.3129086948285396,0.7745721999999999,0.9408358,3.1737614,0.060901874271651106,2.6522622,4.782849000000001,0.9532740000000001,0,36,6.5685400000000005,0.5432622,0.4654616,17.0471476,0.9571426000000001,14,10,11.0,4.0,0.007639999999999999,5
reservoir_1x3_Z+ZZ,ridge,3.1552058,0.05184569492928048,1.3428896,0.017063460897484978,0.9542052,0.0007745028728158295,2.6313754,0.13048590660029166,4.7140612,0.31645110596931103,0.7740612,0.9396131999999999,3.1685202,0.05992491676840282,2.6417178,4.7938962,0.953352,0,36,6.5685400000000005,0.5432622,0.4654616,18.5668408,,14,10,11.0,4.0,0.01822,5
reservoir_1x3_full,lasso,1.8548884,0.15530043841309646,1.0571873999999999,0.056341923039598105,0.9733352,0.0025020718814613863,1.6976232,0.3034200513112143,2.3208114,0.2944367383425511,0.8456444,0.966799,1.8153915999999999,0.176362768452698,1.6837098000000001,2.2256736,0.9735638,0,36,15.4258,0.5682482,0.3366358,19.691558399999998,0.8647058000000001,34,30,11.0,4.0,0.04538,5
reservoir_1x3_full,ridge,1.8214258,0.14034182809554685,1.0379559999999999,0.05057942549100386,0.9738312,0.0022902173914281384,1.610098,0.2721804263168091,2.4485932,0.2838659867608303,0.8543186,0.9650171999999999,1.7624704000000002,0.14499504417841322,1.5972706,2.2771984,0.9743410000000001,0,36,15.4258,0.5682482,0.3366358,36.227767,,34,30,11.0,4.0,0.02668,5
reservoir_1x3_full_5q,lasso,1.8046544,0.22908485124905134,1.0480924,0.07540025441137446,0.9740558,0.0035712491792088542,1.7183534000000003,0.33062345574429536,2.0600454,0.07540848547279018,0.8434988000000001,0.9705767999999999,1.768667,0.22843154279455366,1.7030135999999998,1.9743666000000002,0.9742520000000001,0,45,17.45572,0.6512688000000001,0.3142988,22.957287,0.7183672,49,45,12.0,5.0,0.13782,5
reservoir_1x3_full_5q,ridge,1.7538614,0.22823156905717482,1.0260034,0.07529642630829168,0.9748032,0.003549331091910125,1.624129,0.31991061217315064,2.1389574,0.10127948503176719,0.8527732,0.9694813999999999,1.6802156,0.2082332851006294,1.6064888,1.9119326,0.9755514,0,45,17.45572,0.6512688000000001,0.3142988,54.0315164,,49,45,12.0,5.0,0.033839999999999995,5
reservoir_1x3_full_6q,lasso,1.6049314000000003,0.2979922396041548,0.9858346000000001,0.09345033476291034,0.976953,0.00451620460121106,1.4669534,0.37056810149188496,2.0152454,0.0918602215940066,0.8680988,0.9712716,1.5767646,0.28982003869004636,1.4607602,1.9382978000000002,0.9770968,0,54,21.40242,0.5984408,0.323409,29.556903799999997,0.5582088,67,63,13.0,6.0,0.0733,5
reservoir_1x3_full_6q,ridge,1.4646602,0.21578044807790164,0.9342796,0.07084498851224406,0.9790044,0.003260089308592698,1.286376,0.27822701606601763,1.9975777999999997,0.3220745293758884,0.8856436000000001,0.971518,1.3978176,0.23993333195556632,1.2844016,1.7510948,0.9797115999999999,0,54,21.40242,0.5984408,0.323409,81.904012,,67,63,13.0,6.0,0.046599999999999996,5
reservoir_24x3,lasso,1.5138376,0.2885262737712113,0.9587277999999999,0.09094684267032035,0.9782772,0.004318294825506924,1.3915912000000001,0.3471855769890218,1.8775933999999999,0.11896155748307943,0.8754656000000001,0.9732098,1.4737974,0.29946829863493063,1.3850216,1.7506054,0.9786037999999999,0,864,18.422919999999998,0.5830886,0.40122,18.9180652,0.382,100,96,11.0,4.0,0.46908000000000005,5
reservoir_24x3,ridge,1.4026336000000001,0.18919166892545775,0.9133152000000001,0.04256455768829266,0.9799024,0.002854527158742789,1.2037508,0.13314401269377463,1.9954056000000002,0.3570099784520035,0.893506,0.9715482,1.3176356,0.14485531252874365,1.198949,1.6839834,0.9808818,0,864,18.422919999999998,0.5830886,0.40122,53.027152799999996,,100,96,11.0,4.0,0.07326,5
reservoir_24x3_X,lasso,1.5641892,0.3130498661678359,0.976934,0.09984211091768845,0.9775368,0.004726214891432679,1.4672358,0.38666603878372874,1.851884,0.109708270807173,0.8680218,0.9735924,1.5232638,0.3200061479568792,1.4560202,1.7335604,0.977881,0,864,20.84978,0.6479368,0.29310800000000004,17.9749814,0.394,100,96,11.0,4.0,0.33706,5
reservoir_24x3_X,ridge,1.4196392,0.21525601760392202,0.9217221999999999,0.05711710842821083,0.9796492000000001,0.003233465586642321,1.2367722,0.1937901641846149,1.9647398000000003,0.28071122716361036,0.8903719999999999,0.9719526,1.339966,0.19027480485208753,1.2317544,1.6750686000000001,0.9805566000000001,0,864,20.84978,0.6479368,0.29310800000000004,60.719327199999995,,100,96,11.0,4.0,0.07308,5
reservoir_24x3_Y,lasso,1.5034412,0.2853774058955964,0.9568805999999999,0.09137360743836254,0.978426,0.0042729127653158986,1.384674,0.34951225777360073,1.8570769999999999,0.10039200204199536,0.8761304000000001,0.973507,1.4690249999999998,0.29408849806393306,1.3782464,1.752227,0.9786754,0,864,22.077840000000002,0.5994918,0.3208034,18.89191,0.394,100,96,11.0,4.0,0.24734000000000003,5
reservoir_24x3_Y,ridge,1.3822298,0.15161418949986175,0.9148478000000001,0.044361580880306756,0.9802014,0.0023003150436407003,1.2120948,0.14380789571230088,1.8896305999999998,0.18396178734943838,0.892707,0.9730190000000001,1.3315586,0.16485504060931833,1.2078137999999998,1.7129407999999997,0.9806766,0,864,22.077840000000002,0.5994918,0.3208034,50.756151800000005,,100,96,11.0,4.0,0.07294,5
reservoir_2x3_XYZ,lasso,1.7623448,0.22076106865500533,1.0309222,0.07371138436971597,0.9746781999999999,0.003423054659218833,1.6060389999999998,0.31167460412503933,2.2265392,0.08361966897028467,0.8547096,0.9682628,1.7267228,0.23439366424820454,1.6043433999999999,2.1063226,0.9748792,0,72,13.51124,0.6125766,0.3226736,28.264790800000004,0.9,28,24,11.0,4.0,0.025419999999999998,5
reservoir_2x3_XYZ,ridge,1.7286141999999998,0.21040189838544693,1.0210626,0.07002325951639216,0.9751664,0.003271784268560505,1.5909712,0.29433449907664583,2.1376372,0.04908540366239251,0.8562942,0.9695034,1.6927797999999998,0.22209356744106754,1.5885916,2.016206,0.9753766,0,72,13.51124,0.6125766,0.3226736,33.6064902,,28,24,11.0,4.0,0.0233,5
reservoir_2x3_XYZ+ZZ,lasso,1.582657,0.23462169351532688,0.9776859999999999,0.08050930485974898,0.9772856000000001,0.003549454225652147,1.4570292,0.3271030217763204,1.955848,0.10661828717204189,0.869162,0.972137,1.5469434,0.26084604915217713,1.4574318,1.8259082,0.9775332000000001,0,72,16.3294,0.5667308,0.3776106,30.952001000000003,0.79,40,36,11.0,4.0,0.05796,5
reservoir_2x3_XYZ+ZZ,ridge,1.4850926,0.18240959852431013,0.9434380000000001,0.0632912827686404,0.9787106,0.002760250133592997,1.319974,0.2337747282267696,1.9771940000000001,0.05087059142569501,0.8824337999999999,0.9717879999999999,1.4409155999999999,0.20322926958314835,1.3175294000000002,1.8232532,0.979077,0,72,16.3294,0.5667308,0.3776106,54.08310759999999,,40,36,11.0,4.0,0.029059999999999996,5
reservoir_2x3_Z+ZZ,lasso,2.2525199999999996,0.1653092536807905,1.1411875999999999,0.057736597793773735,0.9675318,0.0026734541701701345,1.7729826,0.3056329355686328,3.6792326,0.2689509075496866,0.8390884,0.9472989999999999,2.1918064,0.15926964282404862,1.7755774,3.4787904,0.9679884,0,72,11.165479999999999,0.5230634000000001,0.4374326,28.7611604,0.925,24,20,11.0,4.0,0.0201,5
reservoir_2x3_Z+ZZ,ridge,2.2114553999999997,0.13633598848726616,1.127487,0.04976426841118026,0.968138,0.00224248835002547,1.7417200000000002,0.292825787784307,3.6088774,0.3341278991940064,0.8420690000000001,0.9481194000000001,2.1543238000000002,0.1379387642568253,1.7477926,3.4122504,0.9685396000000001,0,72,11.165479999999999,0.5230634000000001,0.4374326,40.0851354,,24,20,11.0,4.0,0.0215,5
reservoir_2x3_full,lasso,1.5371701999999998,0.2696372402148858,0.96562,0.08868326843322816,0.9779438,0.004055031652157644,1.4124272000000002,0.35287206721020026,1.9084142,0.02489090004800951,0.87347,0.9727688000000001,1.5086732,0.2907915335471444,1.408869,1.8201107999999997,0.978092,0,72,20.27172,0.5609136,0.3662098,20.533943400000002,0.55,64,60,11.0,4.0,0.1452,5
reservoir_2x3_full,ridge,1.404947,0.1738805766395431,0.9213091999999999,0.05554160767568753,0.9798696,0.00263225564867858,1.2355722,0.19239799057474588,1.9099864,0.1329264808241759,0.890485,0.9727384000000001,1.3566722,0.19585451784219843,1.2309068,1.7450972,0.9803143999999999,0,72,20.27172,0.5609136,0.3662098,76.04118220000001,,64,60,11.0,4.0,0.0423,5
reservoir_2x3_full_5q,lasso,1.579891,0.2928484703101588,0.9809380000000001,0.09437139135617321,0.9773149999999999,0.004441716560070009,1.4734622,0.38002395166449704,1.8958914,0.050615079870528705,0.8675537999999999,0.9729485999999999,1.5434988,0.2944464002423871,1.4657310000000001,1.7865504,0.9775828000000001,0,90,24.55556,0.651065,0.3166232,21.992711000000003,0.48085120000000003,94,90,12.0,5.0,0.18224,5
reservoir_2x3_full_5q,ridge,1.3844964000000002,0.18294333493133885,0.8985215999999999,0.03346715251257567,0.9801636,0.00279786611545295,1.1595716,0.09235706207594517,2.0550538,0.46678048875697453,0.8977426,0.9707777999999999,1.2564319999999998,0.10902867122459112,1.1445614,1.6010134,0.9817774,0,90,24.55556,0.651065,0.3166232,124.74753960000001,,94,90,12.0,5.0,0.06886,5
reservoir_3x1_full,lasso,1.476817,0.2341183412902543,0.9460594,0.0764891468660751,0.9788192,0.0035283915882453093,1.331054,0.29580721616282446,1.9115436,0.11441835138123607,0.8813422,0.9727330000000001,1.4588128,0.24847478018543442,1.3294286,1.8606577999999998,0.9788195999999999,0,36,15.262319999999999,0.6494519999999999,0.3134176,22.850098199999998,0.310638,94,90,5.0,4.0,0.20722000000000002,5
reservoir_3x1_full,ridge,1.4063702,0.16160114163179662,0.9163224,0.044572005286951155,0.9798500000000001,0.002483287438054611,1.2062272,0.14361287694945749,2.003275,0.2269982349303624,0.8932644,0.9714438,1.3330848,0.16510831702764103,1.1992404,1.7454682,0.9806568,0,36,15.262319999999999,0.6494519999999999,0.3134176,63.4397436,,94,90,5.0,4.0,0.0686,5
reservoir_3x2_full,lasso,1.510426,0.27219702514906374,0.9591687999999999,0.08861158843063359,0.9783253999999999,0.004092385648982786,1.3860624,0.34639382822850645,1.8805532,0.05984860755021792,0.8759946,0.9731574000000001,1.4796723999999999,0.290935509594996,1.3789767999999998,1.7939291999999998,0.9785174,0,72,20.17284,0.5842544000000001,0.3094396,18.8936436,0.3978724,94,90,8.0,4.0,0.26138,5
reservoir_3x2_full,ridge,1.3987078,0.1965949117797813,0.913433,0.04453616538836721,0.9799534,0.00296431143775414,1.2039674,0.1401402713562379,1.9790768,0.3654277134642362,0.893489,0.9717432,1.3210636,0.15541458002484848,1.1978324,1.7011790000000002,0.980832,0,72,20.17284,0.5842544000000001,0.3094396,52.58090059999999,,94,90,8.0,4.0,0.06858,5
reservoir_3x3,lasso,2.2012006,0.16311688968742624,1.1359274,0.058834132897494125,0.9682836,0.002663186681402568,1.8219273999999999,0.29452917823332875,3.3292265999999997,0.2415727449885438,0.8338702,0.9520022000000001,2.1427506000000003,0.18128680349876544,1.8070974,3.1803902,0.9687087999999999,0,108,7.65592,0.5973496,0.31262639999999997,21.6850448,0.9875,16,12,11.0,4.0,0.00834,5
reservoir_3x3,ridge,2.198199,0.167725517055396,1.1345649999999998,0.059297013335411736,0.9683294,0.0027287293379886332,1.8243974,0.30550525762873554,3.3098132,0.25084710650055336,0.8338190000000001,0.9522704,2.1355440000000003,0.17890997356911117,1.809628,3.1435284,0.9688138000000001,0,108,7.65592,0.5973496,0.31262639999999997,24.1088976,,16,12,11.0,4.0,0.01846,5
reservoir_3x3_X,lasso,2.2596314,0.04937960424406011,1.172692,0.01758088161896326,0.9674174000000001,0.0011470461193866398,2.1035164,0.10387425718049668,2.7238350000000002,0.18131678710753726,0.8054044000000001,0.961085,2.2309910000000004,0.03449326636461096,2.0856141999999998,2.680294,0.9673898,0,108,9.36138,0.6474094,0.255458,13.5282278,0.9875,16,12,11.0,4.0,0.00688,5
reservoir_3x3_X,ridge,2.2586284,0.051071543366144945,1.172331,0.018213171977994304,0.9674336,0.0011679941352592783,2.1109794,0.10664597152401017,2.6975956,0.1848661968811497,0.8046726,0.9613913999999999,2.2287628,0.03445105169221981,2.0926616,2.6495346,0.9674222,0,108,9.36138,0.6474094,0.255458,13.9695924,,16,12,11.0,4.0,0.01814,5
reservoir_3x3_XYZ,lasso,1.6750166,0.2578066290910688,1.0070926,0.08436980084307426,0.9759398000000001,0.003944624025176551,1.5700214,0.34392663368049875,1.9862946000000001,0.08765092627177419,0.8580798,0.9716736000000001,1.6394322000000003,0.26567506036735944,1.5658968,1.8685886,0.976169,0,108,17.21688,0.6465554,0.3070614,23.370508,0.78,40,36,11.0,4.0,0.044579999999999995,5
reservoir_3x3_XYZ,ridge,1.5675459999999999,0.19589887558380725,0.968394,0.06499310771535702,0.9775107999999999,0.0029837897379004245,1.4131452,0.25657964980430553,2.0274088,0.023861422646187562,0.8735274000000001,0.9710623999999999,1.517151,0.21009091606730643,1.4075792,1.8574622,0.97796,0,108,17.21688,0.6465554,0.3070614,55.0985884,,40,36,11.0,4.0,0.02894,5
reservoir_3x3_XYZ+ZZ,lasso,1.5601698000000002,0.2616061116033034,0.9707764000000001,0.08427158893007776,0.9776106,0.003941920191987641,1.4390551999999999,0.32541566021351825,1.9200962000000001,0.11561496957877031,0.870876,0.9726250000000001,1.5230956,0.27045455361631465,1.4369074,1.7914342,0.977879,0,108,19.47654,0.5934657999999999,0.352653,21.8269552,0.586207,58,54,11.0,4.0,0.10962000000000001,5
reservoir_3x3_XYZ+ZZ,ridge,1.4413406,0.17544324557046928,0.927117,0.05571764532443914,0.9793494,0.0026395380845898055,1.2532818,0.1988430192631866,2.0016401999999998,0.11817876632542743,0.8887778000000001,0.9714548000000001,1.3711758,0.19346582691059422,1.2484634,1.7504924,0.9800998,0,108,19.47654,0.5934657999999999,0.352653,77.941141,,58,54,11.0,4.0,0.03938,5
reservoir_3x3_Y,lasso,2.3734086000000003,0.1594543737681723,1.1784636,0.05478407617456004,0.9657304,0.0026740774670903186,2.0226762000000003,0.25914468620193626,3.4170014,0.14867132101484787,0.815167,0.9515678,2.3765756,0.16011094880207297,2.0022284,3.531897,0.965232,0,108,8.75888,0.694907,0.35309999999999997,15.6243668,0.975,16,12,11.0,4.0,0.00796,5
reservoir_3x3_Y,ridge,2.3709662000000002,0.16206616891782194,1.1793492,0.054922480827071074,0.9657662,0.0027126782337756256,2.0311272,0.26921606692060546,3.3819332,0.1643707107096639,0.8143868,0.9518314,2.3724018,0.15912267902847782,2.009334,3.4931644,0.9652934,0,108,8.75888,0.694907,0.35309999999999997,16.5074188,,16,12,11.0,4.0,0.01826,5
reservoir_3x3_Z+ZZ,lasso,1.7742058,0.2018173999478242,1.0351984,0.07245248164348822,0.9745035999999999,0.003165422846951087,1.6317436,0.327566453707946,2.1968620000000003,0.17651892398408756,0.8520293999999999,0.9686234,1.74253,0.22138466674207583,1.6276927999999997,2.1000952,0.9746452,0,108,14.50948,0.531312,0.39135240000000004,27.610633999999997,0.8235296,34,30,11.0,4.0,0.06436,5
reservoir_3x3_Z+ZZ,ridge,1.7315108,0.1776363558036473,1.0122132000000001,0.06317172868617736,0.975131,0.0027828513255292488,1.5488534,0.28673442710511754,2.2743816000000003,0.14720286653051295,0.8602242,0.9675079999999999,1.6806999999999999,0.1850247273420502,1.547205,2.0962474,0.9755506,0,108,14.50948,0.531312,0.39135240000000004,43.2997026,,34,30,11.0,4.0,0.026779999999999998,5
reservoir_3x3_full,lasso,1.4914866,0.26546019738051124,0.9513259999999999,0.08693023163433998,0.9786056000000001,0.0039700690548150515,1.3587137999999999,0.34015644739251977,1.8869751999999997,0.05119644692456692,0.878631,0.9730626000000001,1.4541814,0.28075043779716546,1.3546749999999999,1.764518,0.9788905999999999,0,108,21.803379999999997,0.5867924,0.348772,20.8938746,0.4042554,94,90,11.0,4.0,0.27626,5
reservoir_3x3_full,ridge,1.4237928,0.2388071155026584,0.9294191999999999,0.07821213172967482,0.9796004,0.003553441120941769,1.2741832,0.2914995831552764,1.8702161999999998,0.11859764800871887,0.886684,0.9733518,1.3701118,0.2637410405780639,1.2698588000000002,1.6819216000000001,0.9801171999999999,0,108,21.803379999999997,0.5867924,0.348772,36.5192194,,94,90,11.0,4.0,0.0686,5
reservoir_3x3_full_all,lasso,1.5234574,0.2823938906621388,0.9628876,0.09248373435799398,0.9781402,0.004231291374982426,1.4084128,0.36117017554637604,1.8657552,0.06926584337680453,0.8738566000000001,0.9733940000000001,1.4851626,0.2993719008111817,1.400757,1.7491996,0.9784378,0,108,20.91512,0.5813832,0.380784,18.546402800000003,0.4148934000000001,94,90,17.0,4.0,0.2338,5
reservoir_3x3_full_all,ridge,1.3848065999999999,0.16431146208283823,0.9143903999999999,0.0457174209333816,0.9801586,0.002495320580606828,1.2111184,0.14761692496390783,1.9025256,0.21533434249394576,0.8928138000000001,0.9728396,1.3245698,0.16357123556634282,1.2052378000000001,1.6926805999999999,0.980781,0,108,20.91512,0.5813832,0.380784,53.6132522,,94,90,17.0,4.0,0.06828000000000001,5
reservoir_3x3_full_circ,lasso,1.5088371999999999,0.2778259567565637,0.9584775999999999,0.0909123976848043,0.9783448,0.00418019104826564,1.3859683999999999,0.3519573364632424,1.8744150000000002,0.06668326227397692,0.8759808,0.9732376,1.4748582,0.28974886642004316,1.3792524,1.7732734,0.9785892,0,108,22.6172,0.6221854,0.3208844,20.6422618,0.42340419999999995,94,90,16.0,4.0,0.24622000000000002,5
reservoir_3x3_full_circ,ridge,1.3792262000000002,0.14934137954599191,0.912645,0.044265679086624175,0.980249,0.0022640234097729924,1.2026668,0.14280645480054466,1.9058068,0.18150887308531222,0.8936126,0.9728159999999999,1.319214,0.15698437506006765,1.1968496,1.6967724,0.9808588,0,108,22.6172,0.6221854,0.3208844,52.31834739999999,,94,90,16.0,4.0,0.06844,5
reservoir_3x5_full,lasso,1.4891418,0.28231193033982815,0.9506084000000001,0.08982962792030257,0.9786362000000001,0.004218952618838011,1.3573692,0.3445070641325081,1.8815348,0.10017389327664175,0.8787535999999999,0.9731388000000001,1.4527478,0.28570029051297796,1.3525888,1.7655856,0.9789138,0,180,22.29156,0.5841106,0.3547268,20.018408400000002,0.44042539999999997,94,90,17.0,4.0,0.25279999999999997,5
reservoir_3x5_full,ridge,1.3787908,0.13858882544130316,0.9106820000000001,0.037092689495370854,0.9802517999999999,0.002126721232319802,1.1929028000000002,0.11884531697420825,1.9329672000000002,0.20063941587260484,0.8945266000000001,0.9724248,1.3103818,0.13920442482802053,1.1866911999999998,1.6916252,0.9809872000000001,0,180,22.29156,0.5841106,0.3547268,50.2774404,,94,90,17.0,4.0,0.06854,5
reservoir_5x3_XYZ,lasso,1.5392645999999999,0.26365798335210716,0.965202,0.08798030646116221,0.9779137999999999,0.003953062445750079,1.4190061999999999,0.3506341854842452,1.8966784,0.08259859242929017,0.8728046,0.9729628,1.5019318,0.2914661459032592,1.4153524,1.7717424000000002,0.9781924,0,180,18.97598,0.6256128,0.306535,22.383392,0.565625,64,60,11.0,4.0,0.11188000000000001,5
reservoir_5x3_XYZ,ridge,1.4134192,0.1889725175500395,0.9188344,0.050382093185972414,0.9797448,0.0028430238655347186,1.2227412000000002,0.1684752054716065,1.981571,0.2533430634959245,0.8916959999999999,0.9717231999999999,1.3371591999999999,0.17488512932550893,1.217749,1.7057466,0.9805982,0,180,18.97598,0.6256128,0.306535,88.2928168,,64,60,11.0,4.0,0.04238,5
reservoir_5x3_XYZ+ZZ,lasso,1.497863,0.27434176226014134,0.9547836000000001,0.08923683233564486,0.9785118,0.004099946548432024,1.3795588,0.34725550098119407,1.8499512,0.06293081726149755,0.876608,0.9736146,1.4648797999999998,0.29485847527195147,1.3744924,1.7466774,0.978735,0,180,20.29318,0.5993904,0.3393804,17.8477916,0.42127680000000006,94,90,11.0,4.0,0.19582,5
reservoir_5x3_XYZ+ZZ,ridge,1.3697804,0.13315631351648327,0.9102028000000001,0.03855203165463531,0.9803876,0.0020371534797358707,1.1960283999999999,0.12252964794611962,1.8878349999999997,0.1697012554122685,0.8942330000000001,0.9730848,1.3113794,0.14136190010324576,1.1902716,1.684648,0.9809728,0,180,20.29318,0.5993904,0.3393804,51.3844998,,94,90,11.0,4.0,0.06866,5
reservoir_5x3_Z+ZZ,lasso,1.601321,0.26678932408362965,0.9853806,0.08753449802392196,0.977008,0.0040505176212429885,1.4789933999999998,0.35390633458275367,1.9645692000000001,0.052790329987602774,0.8669372,0.9719415999999999,1.5663714,0.2784627512393713,1.4690874,1.8694084,0.9772436000000001,0,180,16.41302,0.5573564,0.3838172,20.7374776,0.6370370000000001,54,50,11.0,4.0,0.10676,5
reservoir_5x3_Z+ZZ,ridge,1.4619798,0.13310299201445475,0.9329224,0.03411832708091061,0.9790487999999999,0.002059016197119349,1.2618437999999998,0.10909757017780009,2.0577856,0.24775206013532977,0.8880252000000001,0.970631,1.3940594000000002,0.10751763363420899,1.2515068,1.833308,0.9797616,0,180,16.41302,0.5573564,0.3838172,100.173901,,54,50,11.0,4.0,0.037180000000000005,5
reservoir_6x3,lasso,1.7890232000000001,0.22341181499352256,1.032386,0.07614534727414411,0.9742879999999999,0.003474792871524867,1.6223674,0.32808040990327353,2.2840146,0.11107257668884785,0.8532287999999999,0.9673794000000001,1.747466,0.25140521008125505,1.6068776,2.1838962,0.9745723999999999,0,216,11.11422,0.5871883999999999,0.3677532,22.016457199999998,0.9,28,24,11.0,4.0,0.08308,5
reservoir_6x3,ridge,1.7714995999999998,0.21516741396131528,1.0202068,0.0727853885522362,0.9745462,0.003344301750739637,1.57232,0.30529303380277123,2.3644098,0.12628246649951058,0.8583187999999999,0.9662398,1.7110772,0.2296982585647963,1.5585334,2.1847187999999997,0.9751048000000001,0,216,11.11422,0.5871883999999999,0.3677532,31.315120999999998,,28,24,11.0,4.0,0.0233,5
reservoir_6x3_X,lasso,1.9517124000000003,0.1254018930690442,1.0836234,0.04719908455468185,0.971912,0.002142404140212581,1.8055455999999999,0.23587336625464952,2.3853228,0.21773256483401837,0.8349894000000001,0.9657807999999999,1.8972088,0.14788903612573864,1.7943725999999998,2.217312,0.9723436,0,216,13.958779999999999,0.6268434,0.23938120000000002,15.6678326,0.8499998,28,24,11.0,4.0,0.01802,5
reservoir_6x3_X,ridge,1.9350926000000002,0.12416343495087437,1.0742082,0.04859104221150236,0.972154,0.002129703617877446,1.76632,0.24111725284288538,2.4361048,0.2544823650976624,0.8389286,0.9650648000000001,1.8733826,0.14525084470597746,1.7540188,2.2448737999999997,0.9726953999999999,0,216,13.958779999999999,0.6268434,0.23938120000000002,20.4945738,,28,24,11.0,4.0,0.02344,5
reservoir_6x3_Y,lasso,1.7112051999999998,0.2436612584402782,1.0138232,0.08301869231504434,0.9754186,0.003745234011380342,1.5278404,0.35175306257842315,2.2560878,0.08481072774242637,0.8622012,0.9678212,1.6768170000000002,0.26756928347439285,1.5190252000000002,2.1659622,0.9756132000000001,0,216,13.66098,0.6833286000000001,0.32728919999999995,17.278964600000002,0.9071428000000001,28,24,11.0,4.0,0.02064,5
reservoir_6x3_Y,ridge,1.6904730000000001,0.234375738236704,1.0066042,0.0781187867526116,0.9757238000000001,0.0036112050897172854,1.4979322,0.32774664966968003,2.2638044,0.12939044226796673,0.8651546,0.9677434,1.6513056,0.25726129798961206,1.4902802,2.1511018,0.9759854000000001,0,216,13.66098,0.6833286000000001,0.32728919999999995,23.7110806,,28,24,11.0,4.0,0.02324,5
reservoir_8x3_XYZ,lasso,1.5107186000000001,0.2816350886604864,0.9576309999999999,0.09115252230190893,0.9783238000000001,0.004209660758303454,1.3857936,0.35343704339783055,1.8824324000000001,0.0785909427052507,0.8760166,0.9731540000000001,1.4688198,0.3020937905282067,1.3792814,1.7483756,0.9786771999999999,0,288,20.7853,0.6209614,0.327592,17.380765,0.42400000000000004,100,96,11.0,4.0,0.2636,5
reservoir_8x3_XYZ,ridge,1.387642,0.16137138411285937,0.9115276,0.04021415963065746,0.9801236,0.002453768489487122,1.1984864,0.12584076480735493,1.9516794000000002,0.2698846666935711,0.8940084,0.9721741999999999,1.3115712,0.1433932653882323,1.1926080000000001,1.6783306,0.9809702,0,288,20.7853,0.6209614,0.327592,50.8281024,,100,96,11.0,4.0,0.07238,5
reservoir_9x3_Z+ZZ,lasso,1.5055032000000002,0.27048690644410117,0.9575061999999999,0.08895523110362873,0.978402,0.004060697046074665,1.3813964,0.3451077272103595,1.8751286,0.07623657520049032,0.8764476,0.9732806,1.4715956000000001,0.2882263771704457,1.3747534,1.7737662,0.9786352,0,324,19.89078,0.5703666000000001,0.367713,18.279873000000002,0.3914894,94,90,11.0,4.0,0.217,5
reservoir_9x3_Z+ZZ,ridge,1.3877636,0.16864396316589583,0.9123646000000001,0.04181702153788568,0.9801192000000001,0.002556417747552191,1.2021026,0.12952373746074516,1.941169,0.2859338034257231,0.8936628000000001,0.9723165999999999,1.3173954,0.14588643896640976,1.1968092000000001,1.6892184000000001,0.9808856,0,324,19.89078,0.5703666000000001,0.367713,52.454880200000005,,94,90,11.0,4.0,0.06844,5
rff_10,lasso,2.5714506,0.07676269541776123,1.220838,0.05524315863978087,0.9628422000000001,0.0014782666200655226,1.9304926000000002,0.31717526150111397,4.477714000000001,0.6875589854125242,0.8226737999999999,0.9388168,2.4979661999999996,0.1500526542374377,1.9145227999999999,4.299606,0.9634219999999999,0,40,8.36712,0.6528386,0.22266,14.9635574,1.0,14,10,,,0.007299999999999999,5
rff_10,ridge,2.5715522,0.07714165290036218,1.2199,0.05541547192797339,0.9628428,0.0014836885454838369,1.9245354,0.31714860012665985,4.495869000000001,0.6831850617457178,0.8232796,0.9384798,2.4971102,0.1497519872045108,1.9085078,4.3147216,0.9634344,0,40,8.36712,0.6528386,0.22266,15.057389,,14,10,,,0.018340000000000002,5
rff_15,lasso,2.3914462,0.07673688526191287,1.1818582,0.0249545608095995,0.9654928,0.0011148249638396619,2.069745,0.2080219488335305,3.34638,0.6994489531777855,0.8090350000000001,0.9523574,2.3524014,0.07376875550190631,2.0638878000000003,3.2487166000000003,0.9655672,0,60,11.580960000000001,0.6130950000000001,0.2430536,11.789304999999999,0.9157894000000001,19,15,,,0.01008,5
rff_15,ridge,2.3930388000000002,0.07683120313193056,1.1809857999999998,0.025211518006657153,0.9654702000000001,0.0011268064163822054,2.0625158,0.21083258181362766,3.3742981999999997,0.700502176538874,0.8097394,0.9517944,2.3494058,0.07379041009304646,2.0573828,3.2563986,0.9656114,0,60,11.580960000000001,0.6130950000000001,0.2430536,12.5094916,,19,15,,,0.02102,5
rff_21,lasso,2.1524528,0.10367716385588485,1.1529796,0.018869537707638818,0.9690076,0.0014575140822647417,2.1127347999999997,0.07445949338197234,2.2691466,0.50578208215871,0.8036928,0.9676946,2.120476,0.08076922096318626,2.0901702,2.2170164,0.9690192,0,84,15.052119999999999,0.6078636000000001,0.3064368,18.6608338,0.8880000000000001,25,21,,,0.01804,5
rff_21,ridge,2.1507858,0.10463235808869066,1.1490728000000001,0.016460913209782723,0.9690334,0.0014755654170520885,2.0896584,0.07319531377280922,2.3312778,0.5387652331133661,0.8060921999999999,0.9666821999999999,2.1080270000000003,0.08450372324045856,2.0646418,2.2455082,0.9692028,0,84,15.052119999999999,0.6078636000000001,0.3064368,21.1814592,,25,21,,,0.02276,5
rff_30,lasso,2.168534,0.06265784388246985,1.1313974,0.03375245601137797,0.9687568000000001,0.001311933763571883,2.0242422,0.2079403786947114,2.5959484,0.4115411982521312,0.8162544,0.9632267999999999,2.1336716,0.07588018035561066,2.015544,2.5012202,0.9688454,0,120,18.764000000000003,0.48768140000000004,0.28840560000000004,23.203547,0.7235294,34,30,,,0.03452,5
rff_30,ridge,2.1762138,0.055120802907795044,1.1210798,0.0349001621873022,0.9686489999999999,0.0012453945158061282,1.9646916,0.22488168569116518,2.8034764,0.5921323773923363,0.8219496,0.9598912,2.1036622,0.07926515500331767,1.9538444,2.571168,0.9692896,0,120,18.764000000000003,0.48768140000000004,0.28840560000000004,28.114678200000004,,34,30,,,0.02722,5
rff_36,lasso,1.9668756000000003,0.15644987278614197,1.0795618,0.05920526658752582,0.9716965999999999,0.002515196672230668,1.7440794,0.302518103457132,2.6284044,0.3020287088660609,0.8409746,0.9622634,1.9186956000000002,0.16884312106301513,1.7349413999999999,2.4893747999999998,0.9720346,0,144,23.24364,0.5940938,0.3260466,30.1488024,0.775,40,36,,,0.045020000000000004,5
rff_36,ridge,1.9472394000000002,0.1451269509474376,1.07443,0.05590548432846278,0.9719802,0.002358706467536819,1.7309709999999998,0.2888115187444919,2.5887966,0.30679327715711097,0.8421882,0.9627708,1.8877592,0.1409497502470296,1.7210616,2.4058566,0.9724869999999999,0,144,23.24364,0.5940938,0.3260466,36.845915000000005,,40,36,,,0.029059999999999996,5
rff_50,lasso,1.6628766,0.2578199799827391,1.0013134000000001,0.08720386130957741,0.9761150000000001,0.0039502520805639605,1.5143024,0.36972022929885767,2.1039818,0.0891787953955424,0.8635484,0.9699389999999999,1.6107365999999999,0.28006245706324145,1.4972298,1.9640788,0.9765957999999999,0,200,27.295460000000002,0.5887598,0.2992296,40.959693800000004,0.6814814,54,50,,,0.062119999999999995,5
rff_50,ridge,1.6007548,0.25051461564687194,0.9740522,0.08531103089694797,0.977023,0.003800325972860789,1.4147294000000001,0.3410498604614873,2.1546236,0.08341567733525886,0.8733552,0.9692792000000001,1.527482,0.27784265512786194,1.3975436,1.9318962,0.977813,0,200,27.295460000000002,0.5887598,0.2992296,53.1855432,,54,50,,,0.03732,5
rff_6,lasso,2.4894302,0.03297229362965211,1.216455,0.01972456137661868,0.9640527999999999,0.0007266572094185776,2.16296,0.11274282700686553,3.460425,0.2581042198967307,0.7998651999999999,0.9563974,2.4732378,0.07470551604935223,2.1538804,3.4554962000000002,0.9637895999999999,0,24,5.59166,0.7154170000000001,0.2914052,7.3414664,0.9199999999999999,10,6,,,0.00444,5
rff_6,ridge,2.4830136,0.028958955804724733,1.2161313999999999,0.01958376578444503,0.9641404,0.0007116967753193849,2.1743832000000003,0.11549103917707193,3.4010165999999997,0.2638507560256366,0.798803,0.9566822,2.4680008,0.07155064790552197,2.1658283999999997,3.3988694,0.963865,0,24,5.59166,0.7154170000000001,0.2914052,7.4693996,,10,6,,,0.0169,5
rff_96,lasso,1.5415532,0.27303906905093267,0.9690882000000001,0.0923904868246727,0.977879,0.004137596464132264,1.4273786,0.3735108291687137,1.8808734,0.0806836240342488,0.8720442,0.9731984,1.5020334,0.29611667726978835,1.4137942000000001,1.7775626,0.9781926000000001,0,384,39.59692,0.6203434,0.2761404,33.344847800000004,0.41600000000000004,100,96,,,0.09813999999999999,5
rff_96,ridge,1.4529716000000001,0.2562085603435218,0.9278206000000001,0.07776604541379224,0.979156,0.0038759279534068096,1.2633292,0.2836905634273019,2.019488,0.2843459857479969,0.8879338000000001,0.971288,1.3367578,0.24729800594161688,1.2464866000000001,1.6182134000000001,0.980609,0,384,39.59692,0.6203434,0.2761404,64.9808434,,100,96,,,0.07289999999999999,5
zz_10q_r2,lasso,3.8483958,0.03671731053195482,1.4741430000000002,0.0065680078029795134,0.9438268000000001,0.0006358267845883615,2.465616,0.06917213933369411,7.967877199999999,0.27821636889334883,0.7864546,0.9259152,3.8021172,0.07567358027541735,2.4393058,7.9953498,0.9437595999999999,0,0,6.26078,0.8861891999999999,0.28300179999999997,7.668227,0.59661,59,55,85.0,10.0,0.062060000000000004,5
zz_10q_r2,ridge,3.8450556,0.03736895349484656,1.4732016,0.0071160724630936825,0.943876,0.0006779907816482652,2.4666609999999998,0.07023532387623756,7.951467599999999,0.2768496321241909,0.7861262,0.9256278,3.7989352000000003,0.07576640662721171,2.4406648,7.9782466,0.9438082,0,0,6.26078,0.8861891999999999,0.28300179999999997,6.1226646,,59,55,85.0,10.0,0.04152,5
zz_13q_r2,lasso,3.9438892,0.03995521862911029,1.489681,0.008668870283952888,0.9423872,0.0008317170191838032,2.4988498,0.0666697780422282,8.248891,0.24498966924443977,0.7869128,0.9248286,3.893367,0.07497983464905743,2.4697,8.274272,0.9423682,0,0,6.6048599999999995,0.9070064,0.24771939999999998,7.4500464,0.5326316,95,91,112.0,13.0,0.07156,5
zz_13q_r2,ridge,3.9397860000000002,0.04285501498074649,1.4883098000000001,0.009282468540210606,0.9424496,0.0008947132501533725,2.4965859999999997,0.06477691194399428,8.2394182,0.24119437380088288,0.7868028,0.9240816000000001,3.8884414,0.07408836331570569,2.4675364,8.260884999999998,0.9424431999999999,0,0,6.6048599999999995,0.9070064,0.24771939999999998,6.160295,,95,91,112.0,13.0,0.0709,5
zz_3q_r2,lasso,3.5009273999999997,0.06050956034627928,1.4321338000000001,0.025050725332812274,0.9490473999999999,0.0011802816612995286,2.3667462,0.11113765010877269,6.8794676,0.22443954567277175,0.790574,0.9221672,3.4920381999999996,0.17751789169602025,2.3511409999999997,6.9999234,0.9484798,0,0,3.07124,0.8195214,0.40644739999999996,7.3472132000000006,0.86,10,6,22.0,3.0,0.0092,5
zz_3q_r2,ridge,3.502187,0.058970650534821124,1.4321778,0.024519908129925883,0.9490314,0.0011442387425707617,2.3676292,0.1105566421509806,6.8817714,0.2242713028193757,0.7904568000000001,0.9221942000000001,3.4919512,0.17621384463401296,2.3518476,6.997462799999999,0.9484814,0,0,3.07124,0.8195214,0.40644739999999996,7.550743,,10,6,22.0,3.0,0.0167,5
zz_4q_r2,lasso,3.7365538000000003,0.06482827813308015,1.4463006,0.01311870774123739,0.9455088,0.0010821133027552946,2.3868636000000003,0.07740769201636225,7.757766599999999,0.3140852363846477,0.7916304000000001,0.9200958,3.7245866,0.0858619464099201,2.3757455999999997,7.8775509999999995,0.944938,0,0,5.0745,0.862459,0.3371058,6.8666346,0.9142856,14,10,31.0,4.0,0.013619999999999998,5
zz_4q_r2,ridge,3.7332518,0.066160832478136,1.4451222,0.013067830718983145,0.9455586,0.0010856372782840718,2.3872194,0.07753758476571218,7.7435112,0.3198929158432551,0.7915516,0.9196390000000001,3.7211824,0.0845210906981211,2.3762412,7.862290400000001,0.9449895999999999,0,0,5.0745,0.862459,0.3371058,8.086187599999999,,14,10,31.0,4.0,0.018340000000000002,5
zz_5q_r2,lasso,3.8719120000000005,0.04596551996333764,1.4738766,0.009419840885068198,0.9434684000000001,0.001001635063284017,2.4354970000000002,0.0730735799177788,8.1514256,0.2618969326401135,0.7886922000000001,0.9255829999999999,3.8393764,0.09340750733640203,2.418952,8.2094614,0.9431912,0,0,5.5173000000000005,0.8600958000000001,0.3128142,6.346815600000001,0.726316,19,15,40.0,5.0,0.015179999999999999,5
zz_5q_r2,ridge,3.8694572000000003,0.04926577593725686,1.4735592,0.009282153182317149,0.9435048,0.0010211859282227296,2.4363143999999997,0.07186467376117411,8.1392092,0.27165743832941486,0.7883858,0.9251422,3.8359276,0.09575832400005777,2.4190414000000002,8.194936799999999,0.9432438,0,0,5.5173000000000005,0.8600958000000001,0.3128142,6.5721958,,19,15,40.0,5.0,0.02072,5
zz_6q_r2,lasso,3.8604884,0.04225176207331475,1.4722458,0.006825804509360075,0.9436412000000001,0.000724565870021492,2.4295706,0.06597134855223126,8.1233366,0.2930308460227354,0.788867,0.9256795999999999,3.8256880000000004,0.07231738151025663,2.4110324000000003,8.1786508,0.9433988,0,0,5.39232,0.8551819999999999,0.3244384,7.526184000000001,0.728,25,21,49.0,6.0,0.025980000000000003,5
zz_6q_r2,ridge,3.8579026,0.04480957837672658,1.4715462000000001,0.007127873855505546,0.9436807999999999,0.0007734220710582012,2.4302698,0.06509880872719549,8.111013,0.2970518401668305,0.7886902,0.9258651999999999,3.8241842,0.07291069165561377,2.4117854000000003,8.1700772,0.9434222,0,0,5.39232,0.8551819999999999,0.3244384,7.0455856,,25,21,49.0,6.0,0.02268,5
zz_7q_r2,lasso,3.8130292,0.05697796576484625,1.4671174,0.009559102928622524,0.9443553999999998,0.000910188606828326,2.4395524,0.07151661136267573,7.9049176,0.3239049888953551,0.7881022,0.924446,3.7668714000000003,0.06813718766063048,2.4209921999999997,7.9098528,0.944295,0,0,5.88414,0.8723850000000001,0.3143498,7.9352762,0.75,32,28,58.0,7.0,0.029359999999999997,5
zz_7q_r2,ridge,3.8085478000000004,0.05860764355610953,1.4658892,0.00984658614444624,0.9444234,0.0009475374926618496,2.4399668,0.07158185537690394,7.8858354,0.32604187057769146,0.787892,0.9243416,3.7636282000000003,0.06632009250747462,2.4217703999999998,7.894344200000001,0.9443442,0,0,5.88414,0.8723850000000001,0.3143498,9.0077146,,32,28,58.0,7.0,0.02468,5
zz_8q_r2,lasso,3.7862321999999997,0.052864291248441025,1.4798784,0.009190170226932685,0.9447620000000001,0.0007505990940575427,2.4924863999999998,0.07582823315757799,7.6401898,0.32710845036042724,0.7848942,0.9292396,3.7614092,0.08858495374892951,2.4667878,7.7440603999999995,0.9443813999999999,0,0,6.21518,0.8919064000000001,0.2827964,8.161375,0.6900000000000001,40,36,67.0,8.0,0.04612,5
zz_8q_r2,ridge,3.7835306,0.05636793845174741,1.4794278,0.010229796268743518,0.9448028,0.0007951211857321214,2.4957371999999998,0.07658071963425257,7.619681,0.3401880842071045,0.7845484,0.9289514000000001,3.7589926,0.08922073069247964,2.4700884000000003,7.7239474,0.9444188,0,0,6.21518,0.8919064000000001,0.2827964,7.9817526,,40,36,67.0,8.0,0.02948,5
zz_9q_r2,lasso,3.8517802000000003,0.03585110560638284,1.4747948000000002,0.006243284448109012,0.9437756,0.0005672343431070048,2.4642638,0.0703637941145872,7.985273000000001,0.2903949151973908,0.7864844,0.9254806,3.8045367999999997,0.07408316918976957,2.4378958,8.0096136,0.9437228,0,0,6.45896,0.8925158,0.2723722,7.754862800000001,0.6612245999999999,49,45,76.0,9.0,0.05354,5
zz_9q_r2,ridge,3.8497762,0.037415528316462394,1.4743716,0.0067995593460165185,0.943806,0.0006434877621213467,2.4659022,0.06978519003843157,7.972497200000001,0.2844979867050032,0.7862484000000001,0.9250862,3.80237,0.07491300964118308,2.4404098000000003,7.9929982,0.9437557999999999,0,0,6.45896,0.8925158,0.2723722,7.253303,,49,45,76.0,9.0,0.03426,5
